REGN,Date
516.5499877929688,2016-01-04
508.9800109863281,2016-01-05
519.47998046875,2016-01-06
501.9599914550781,2016-01-07
491.67999267578125,2016-01-08
480.82000732421875,2016-01-11
474.9800109863281,2016-01-12
459.57000732421875,2016-01-13
479.0799865722656,2016-01-14
462.95001220703125,2016-01-15
447.0199890136719,2016-01-19
461.95001220703125,2016-01-20
461.57000732421875,2016-01-21
482.989990234375,2016-01-22
473.1199951171875,2016-01-25
463.55999755859375,2016-01-26
434.1600036621094,2016-01-27
415.1099853515625,2016-01-28
420.0899963378906,2016-01-29
418.2699890136719,2016-02-01
409.8900146484375,2016-02-02
421.010009765625,2016-02-03
412.5899963378906,2016-02-04
396.6099853515625,2016-02-05
390.5299987792969,2016-02-08
365.9700012207031,2016-02-09
367.4800109863281,2016-02-10
367.239990234375,2016-02-11
379.010009765625,2016-02-12
391.760009765625,2016-02-16
397.260009765625,2016-02-17
387.29998779296875,2016-02-18
394.9800109863281,2016-02-19
395.7900085449219,2016-02-22
386.8299865722656,2016-02-23
393.6300048828125,2016-02-24
393.989990234375,2016-02-25
394.2300109863281,2016-02-26
384.0199890136719,2016-02-29
410.2099914550781,2016-03-01
407.80999755859375,2016-03-02
401.94000244140625,2016-03-03
403.82000732421875,2016-03-04
408.2799987792969,2016-03-07
394.80999755859375,2016-03-08
374.75,2016-03-09
377.55999755859375,2016-03-10
377.1199951171875,2016-03-11
373.2699890136719,2016-03-14
367.2200012207031,2016-03-15
368.4599914550781,2016-03-16
365.4700012207031,2016-03-17
364.510009765625,2016-03-18
371.0400085449219,2016-03-21
378.30999755859375,2016-03-22
365.3800048828125,2016-03-23
370.79998779296875,2016-03-24
363.8500061035156,2016-03-28
367.3699951171875,2016-03-29
359.67999267578125,2016-03-30
360.44000244140625,2016-03-31
405.25,2016-04-01
405.29998779296875,2016-04-04
403.6499938964844,2016-04-05
427.20001220703125,2016-04-06
418.4800109863281,2016-04-07
404.94000244140625,2016-04-08
396.1400146484375,2016-04-11
408.07000732421875,2016-04-12
410.5199890136719,2016-04-13
406.8299865722656,2016-04-14
406.7300109863281,2016-04-15
422.3800048828125,2016-04-18
413.7799987792969,2016-04-19
399.75,2016-04-20
409.57000732421875,2016-04-21
404.3800048828125,2016-04-22
406.9200134277344,2016-04-25
406.6600036621094,2016-04-26
390.2799987792969,2016-04-27
391.29998779296875,2016-04-28
376.7099914550781,2016-04-29
384.5199890136719,2016-05-02
371.32000732421875,2016-05-03
360.6400146484375,2016-05-04
377.7300109863281,2016-05-05
369.95001220703125,2016-05-06
375.4700012207031,2016-05-09
385.8699951171875,2016-05-10
371.8599853515625,2016-05-11
365.6400146484375,2016-05-12
369.4599914550781,2016-05-13
391.95001220703125,2016-05-16
386.3800048828125,2016-05-17
390.2799987792969,2016-05-18
383.29998779296875,2016-05-19
386.0,2016-05-20
392.6400146484375,2016-05-23
397.70001220703125,2016-05-24
394.489990234375,2016-05-25
393.5400085449219,2016-05-26
396.2200012207031,2016-05-27
398.92999267578125,2016-05-31
404.30999755859375,2016-06-01
407.1300048828125,2016-06-02
400.75,2016-06-03
403.8900146484375,2016-06-06
394.4700012207031,2016-06-07
388.9700012207031,2016-06-08
381.0799865722656,2016-06-09
372.0299987792969,2016-06-10
367.2300109863281,2016-06-13
366.489990234375,2016-06-14
367.9100036621094,2016-06-15
366.5199890136719,2016-06-16
354.2099914550781,2016-06-17
352.6600036621094,2016-06-20
345.1400146484375,2016-06-21
351.9200134277344,2016-06-22
357.1400146484375,2016-06-23
339.4800109863281,2016-06-24
331.04998779296875,2016-06-27
339.7799987792969,2016-06-28
347.8599853515625,2016-06-29
349.2300109863281,2016-06-30
358.5,2016-07-01
359.6099853515625,2016-07-05
371.57000732421875,2016-07-06
371.45001220703125,2016-07-07
378.3500061035156,2016-07-08
375.739990234375,2016-07-11
368.75,2016-07-12
364.5,2016-07-13
365.2699890136719,2016-07-14
373.80999755859375,2016-07-15
381.5400085449219,2016-07-18
377.1499938964844,2016-07-19
384.70001220703125,2016-07-20
389.5199890136719,2016-07-21
391.3399963378906,2016-07-22
394.8999938964844,2016-07-25
398.2699890136719,2016-07-26
415.0899963378906,2016-07-27
411.0400085449219,2016-07-28
425.1199951171875,2016-07-29
434.0,2016-08-01
434.8999938964844,2016-08-02
441.3699951171875,2016-08-03
433.3999938964844,2016-08-04
423.0,2016-08-05
421.0400085449219,2016-08-08
419.239990234375,2016-08-09
415.4800109863281,2016-08-10
421.3500061035156,2016-08-11
421.5400085449219,2016-08-12
422.8699951171875,2016-08-15
413.6400146484375,2016-08-16
411.67999267578125,2016-08-17
410.8699951171875,2016-08-18
404.29998779296875,2016-08-19
418.6499938964844,2016-08-22
420.6099853515625,2016-08-23
405.25,2016-08-24
400.25,2016-08-25
402.9700012207031,2016-08-26
399.3800048828125,2016-08-29
395.2200012207031,2016-08-30
392.54998779296875,2016-08-31
393.3999938964844,2016-09-01
388.6400146484375,2016-09-02
398.30999755859375,2016-09-06
399.8900146484375,2016-09-07
401.8299865722656,2016-09-08
384.42999267578125,2016-09-09
399.510009765625,2016-09-12
390.989990234375,2016-09-13
397.55999755859375,2016-09-14
402.75,2016-09-15
408.6300048828125,2016-09-16
402.8299865722656,2016-09-19
406.239990234375,2016-09-20
406.5199890136719,2016-09-21
408.010009765625,2016-09-22
410.3900146484375,2016-09-23
404.1199951171875,2016-09-26
421.45001220703125,2016-09-27
419.1000061035156,2016-09-28
406.3599853515625,2016-09-29
402.0199890136719,2016-09-30
402.82000732421875,2016-10-03
397.20001220703125,2016-10-04
392.6000061035156,2016-10-05
388.6000061035156,2016-10-06
390.05999755859375,2016-10-07
393.8599853515625,2016-10-10
386.04998779296875,2016-10-11
373.4700012207031,2016-10-12
375.7900085449219,2016-10-13
371.67999267578125,2016-10-14
366.7300109863281,2016-10-17
371.5299987792969,2016-10-18
368.3599853515625,2016-10-19
371.239990234375,2016-10-20
363.5299987792969,2016-10-21
362.25,2016-10-24
366.92999267578125,2016-10-25
363.0799865722656,2016-10-26
365.3500061035156,2016-10-27
355.8299865722656,2016-10-28
345.0199890136719,2016-10-31
346.54998779296875,2016-11-01
343.6600036621094,2016-11-02
336.010009765625,2016-11-03
341.3900146484375,2016-11-04
365.3900146484375,2016-11-07
367.7699890136719,2016-11-08
418.4200134277344,2016-11-09
423.0,2016-11-10
419.7900085449219,2016-11-11
444.5199890136719,2016-11-14
428.6499938964844,2016-11-15
420.0799865722656,2016-11-16
404.55999755859375,2016-11-17
397.4800109863281,2016-11-18
405.4800109863281,2016-11-21
398.9700012207031,2016-11-22
402.4100036621094,2016-11-23
398.1600036621094,2016-11-25
390.3800048828125,2016-11-28
387.260009765625,2016-11-29
379.239990234375,2016-11-30
375.55999755859375,2016-12-01
372.7099914550781,2016-12-02
369.82000732421875,2016-12-05
368.95001220703125,2016-12-06
362.010009765625,2016-12-07
369.1499938964844,2016-12-08
372.8299865722656,2016-12-09
387.1000061035156,2016-12-12
382.0,2016-12-13
381.5,2016-12-14
378.010009765625,2016-12-15
378.8500061035156,2016-12-16
371.75,2016-12-19
371.0199890136719,2016-12-20
365.05999755859375,2016-12-21
372.3800048828125,2016-12-22
381.7799987792969,2016-12-23
385.95001220703125,2016-12-27
378.75,2016-12-28
373.7200012207031,2016-12-29
367.0899963378906,2016-12-30
379.70001220703125,2017-01-03
383.1099853515625,2017-01-04
380.9200134277344,2017-01-05
358.67999267578125,2017-01-06
355.05999755859375,2017-01-09
373.0,2017-01-10
364.4700012207031,2017-01-11
364.44000244140625,2017-01-12
368.1600036621094,2017-01-13
363.239990234375,2017-01-17
362.95001220703125,2017-01-18
363.4100036621094,2017-01-19
362.55999755859375,2017-01-20
354.3599853515625,2017-01-23
347.9599914550781,2017-01-24
348.92999267578125,2017-01-25
340.75,2017-01-26
346.5,2017-01-27
344.5,2017-01-30
359.2900085449219,2017-01-31
364.1700134277344,2017-02-01
360.55999755859375,2017-02-02
358.260009765625,2017-02-03
362.0,2017-02-06
357.69000244140625,2017-02-07
353.25,2017-02-08
360.0,2017-02-09
359.8699951171875,2017-02-10
375.6600036621094,2017-02-13
376.5199890136719,2017-02-14
384.0,2017-02-15
373.0199890136719,2017-02-16
371.17999267578125,2017-02-17
371.6099853515625,2017-02-21
370.2200012207031,2017-02-22
360.9599914550781,2017-02-23
361.010009765625,2017-02-24
373.04998779296875,2017-02-27
373.5,2017-02-28
379.04998779296875,2017-03-01
375.8599853515625,2017-03-02
378.6600036621094,2017-03-03
381.92999267578125,2017-03-06
372.5199890136719,2017-03-07
381.3699951171875,2017-03-08
390.1400146484375,2017-03-09
388.2300109863281,2017-03-10
388.8800048828125,2017-03-13
391.1000061035156,2017-03-14
397.79998779296875,2017-03-15
392.5899963378906,2017-03-16
380.2900085449219,2017-03-17
382.0199890136719,2017-03-20
370.9800109863281,2017-03-21
369.1400146484375,2017-03-22
365.0199890136719,2017-03-23
373.0,2017-03-24
383.67999267578125,2017-03-27
382.54998779296875,2017-03-28
394.1400146484375,2017-03-29
386.17999267578125,2017-03-30
387.510009765625,2017-03-31
383.19000244140625,2017-04-03
382.9200134277344,2017-04-04
377.3599853515625,2017-04-05
379.4800109863281,2017-04-06
380.54998779296875,2017-04-07
373.260009765625,2017-04-10
367.07000732421875,2017-04-11
366.3299865722656,2017-04-12
370.3699951171875,2017-04-13
373.45001220703125,2017-04-17
366.05999755859375,2017-04-18
370.9599914550781,2017-04-19
376.3999938964844,2017-04-20
370.1199951171875,2017-04-21
371.92999267578125,2017-04-24
372.32000732421875,2017-04-25
371.3900146484375,2017-04-26
366.6199951171875,2017-04-27
388.489990234375,2017-04-28
396.1700134277344,2017-05-01
402.0400085449219,2017-05-02
407.0299987792969,2017-05-03
434.30999755859375,2017-05-04
429.0,2017-05-05
423.3800048828125,2017-05-08
427.17999267578125,2017-05-09
431.57000732421875,2017-05-10
440.42999267578125,2017-05-11
442.04998779296875,2017-05-12
450.4100036621094,2017-05-15
454.75,2017-05-16
446.7200012207031,2017-05-17
457.3299865722656,2017-05-18
450.010009765625,2017-05-19
460.989990234375,2017-05-22
461.3699951171875,2017-05-23
458.239990234375,2017-05-24
455.70001220703125,2017-05-25
455.1700134277344,2017-05-26
448.6700134277344,2017-05-30
459.05999755859375,2017-05-31
466.0199890136719,2017-06-01
480.42999267578125,2017-06-02
480.260009765625,2017-06-05
477.7300109863281,2017-06-06
482.0,2017-06-07
485.8999938964844,2017-06-08
475.7900085449219,2017-06-09
476.2300109863281,2017-06-12
473.6700134277344,2017-06-13
476.8399963378906,2017-06-14
469.5,2017-06-15
459.9100036621094,2017-06-16
471.6700134277344,2017-06-19
495.3299865722656,2017-06-20
522.02001953125,2017-06-21
526.530029296875,2017-06-22
517.3300170898438,2017-06-23
515.9099731445312,2017-06-26
502.1199951171875,2017-06-27
513.1900024414062,2017-06-28
509.92999267578125,2017-06-29
491.1400146484375,2017-06-30
487.7300109863281,2017-07-03
497.0,2017-07-05
490.19000244140625,2017-07-06
496.5,2017-07-07
499.9100036621094,2017-07-10
492.0,2017-07-11
496.989990234375,2017-07-12
505.04998779296875,2017-07-13
504.8999938964844,2017-07-14
498.1099853515625,2017-07-17
497.6300048828125,2017-07-18
506.7900085449219,2017-07-19
521.1300048828125,2017-07-20
515.9199829101562,2017-07-21
521.219970703125,2017-07-24
513.4500122070312,2017-07-25
515.6300048828125,2017-07-26
508.4100036621094,2017-07-27
508.7099914550781,2017-07-28
491.6199951171875,2017-07-31
472.0,2017-08-01
476.82000732421875,2017-08-02
467.1099853515625,2017-08-03
468.760009765625,2017-08-04
470.1000061035156,2017-08-07
469.67999267578125,2017-08-08
474.0899963378906,2017-08-09
460.0799865722656,2017-08-10
466.5899963378906,2017-08-11
474.5400085449219,2017-08-14
472.57000732421875,2017-08-15
468.5400085449219,2017-08-16
464.0199890136719,2017-08-17
467.9800109863281,2017-08-18
469.739990234375,2017-08-21
478.6499938964844,2017-08-22
477.1499938964844,2017-08-23
485.260009765625,2017-08-24
477.79998779296875,2017-08-25
479.2200012207031,2017-08-28
479.0299987792969,2017-08-29
487.1199951171875,2017-08-30
496.8999938964844,2017-08-31
504.0,2017-09-01
494.3599853515625,2017-09-05
500.2200012207031,2017-09-06
471.9200134277344,2017-09-07
471.489990234375,2017-09-08
445.1099853515625,2017-09-11
444.4800109863281,2017-09-12
437.739990234375,2017-09-13
441.260009765625,2017-09-14
433.45001220703125,2017-09-15
434.6400146484375,2017-09-18
431.3800048828125,2017-09-19
438.1700134277344,2017-09-20
433.45001220703125,2017-09-21
432.7200012207031,2017-09-22
438.1499938964844,2017-09-25
434.9700012207031,2017-09-26
435.42999267578125,2017-09-27
435.1099853515625,2017-09-28
447.1199951171875,2017-09-29
462.239990234375,2017-10-02
455.6300048828125,2017-10-03
456.04998779296875,2017-10-04
463.3999938964844,2017-10-05
469.95001220703125,2017-10-06
469.55999755859375,2017-10-09
461.1300048828125,2017-10-10
452.9700012207031,2017-10-11
447.1499938964844,2017-10-12
442.9599914550781,2017-10-13
445.67999267578125,2017-10-16
442.55999755859375,2017-10-17
439.3699951171875,2017-10-18
440.94000244140625,2017-10-19
432.9800109863281,2017-10-20
432.760009765625,2017-10-23
426.510009765625,2017-10-24
421.92999267578125,2017-10-25
416.0400085449219,2017-10-26
409.2200012207031,2017-10-27
406.5199890136719,2017-10-30
402.6199951171875,2017-10-31
397.0,2017-11-01
397.45001220703125,2017-11-02
408.4100036621094,2017-11-03
406.6300048828125,2017-11-06
404.3900146484375,2017-11-07
415.1700134277344,2017-11-08
406.2099914550781,2017-11-09
404.5400085449219,2017-11-10
393.6199951171875,2017-11-13
384.79998779296875,2017-11-14
386.29998779296875,2017-11-15
394.69000244140625,2017-11-16
391.5899963378906,2017-11-17
385.2200012207031,2017-11-20
384.44000244140625,2017-11-21
387.5400085449219,2017-11-22
384.8500061035156,2017-11-24
374.5299987792969,2017-11-27
366.0,2017-11-28
358.6300048828125,2017-11-29
361.8599853515625,2017-11-30
373.4700012207031,2017-12-01
378.3699951171875,2017-12-04
372.3399963378906,2017-12-05
375.1300048828125,2017-12-06
373.6099853515625,2017-12-07
380.7799987792969,2017-12-08
381.32000732421875,2017-12-11
381.7200012207031,2017-12-12
386.6700134277344,2017-12-13
383.1199951171875,2017-12-14
388.95001220703125,2017-12-15
383.3900146484375,2017-12-18
385.7200012207031,2017-12-19
382.8900146484375,2017-12-20
384.1400146484375,2017-12-21
381.0,2017-12-22
387.42999267578125,2017-12-26
384.0899963378906,2017-12-27
382.82000732421875,2017-12-28
375.9599914550781,2017-12-29
382.6000061035156,2018-01-02
393.7799987792969,2018-01-03
382.95001220703125,2018-01-04
385.1000061035156,2018-01-05
372.5199890136719,2018-01-08
368.6499938964844,2018-01-09
366.4599914550781,2018-01-10
368.260009765625,2018-01-11
366.9599914550781,2018-01-12
370.2099914550781,2018-01-16
374.07000732421875,2018-01-17
371.2799987792969,2018-01-18
371.5299987792969,2018-01-19
375.8599853515625,2018-01-22
381.7099914550781,2018-01-23
383.32000732421875,2018-01-24
391.8399963378906,2018-01-25
374.3599853515625,2018-01-26
382.8800048828125,2018-01-29
379.7699890136719,2018-01-30
366.6499938964844,2018-01-31
345.7900085449219,2018-02-01
347.8599853515625,2018-02-02
331.9800109863281,2018-02-05
338.79998779296875,2018-02-06
334.6099853515625,2018-02-07
322.6199951171875,2018-02-08
336.3800048828125,2018-02-09
342.6700134277344,2018-02-12
324.57000732421875,2018-02-13
330.69000244140625,2018-02-14
333.17999267578125,2018-02-15
332.1499938964844,2018-02-16
323.0400085449219,2018-02-20
317.510009765625,2018-02-21
315.82000732421875,2018-02-22
323.8599853515625,2018-02-23
324.8900146484375,2018-02-26
320.9700012207031,2018-02-27
320.44000244140625,2018-02-28
321.7799987792969,2018-03-01
330.4700012207031,2018-03-02
333.9100036621094,2018-03-05
333.4800109863281,2018-03-06
334.4100036621094,2018-03-07
340.7799987792969,2018-03-08
341.70001220703125,2018-03-09
344.54998779296875,2018-03-12
337.75,2018-03-13
341.4200134277344,2018-03-14
334.92999267578125,2018-03-15
343.29998779296875,2018-03-16
339.0799865722656,2018-03-19
333.8599853515625,2018-03-20
334.8699951171875,2018-03-21
327.69000244140625,2018-03-22
321.2900085449219,2018-03-23
330.7099914550781,2018-03-26
329.239990234375,2018-03-27
338.4800109863281,2018-03-28
344.3599853515625,2018-03-29
330.55999755859375,2018-04-02
332.20001220703125,2018-04-03
337.3500061035156,2018-04-04
328.5899963378906,2018-04-05
319.6099853515625,2018-04-06
319.70001220703125,2018-04-09
328.0400085449219,2018-04-10
322.7799987792969,2018-04-11
325.0799865722656,2018-04-12
321.55999755859375,2018-04-13
318.20001220703125,2018-04-16
322.6300048828125,2018-04-17
321.3900146484375,2018-04-18
315.8299865722656,2018-04-19
314.25,2018-04-20
316.010009765625,2018-04-23
312.0,2018-04-24
316.1700134277344,2018-04-25
323.9700012207031,2018-04-26
313.04998779296875,2018-04-27
303.67999267578125,2018-04-30
301.2200012207031,2018-05-01
296.1400146484375,2018-05-02
292.4100036621094,2018-05-03
291.25,2018-05-04
288.5400085449219,2018-05-07
285.8599853515625,2018-05-08
284.6000061035156,2018-05-09
288.8999938964844,2018-05-10
306.94000244140625,2018-05-11
309.5400085449219,2018-05-14
300.45001220703125,2018-05-15
303.2099914550781,2018-05-16
308.0,2018-05-17
301.80999755859375,2018-05-18
296.6000061035156,2018-05-21
294.67999267578125,2018-05-22
295.30999755859375,2018-05-23
294.6099853515625,2018-05-24
293.739990234375,2018-05-25
296.5,2018-05-29
300.8900146484375,2018-05-30
300.32000732421875,2018-05-31
306.8800048828125,2018-06-01
312.0899963378906,2018-06-04
311.8500061035156,2018-06-05
315.1300048828125,2018-06-06
308.7200012207031,2018-06-07
308.1000061035156,2018-06-08
311.95001220703125,2018-06-11
309.5299987792969,2018-06-12
308.2799987792969,2018-06-13
315.6700134277344,2018-06-14
315.29998779296875,2018-06-15
315.6099853515625,2018-06-18
327.07000732421875,2018-06-19
336.92999267578125,2018-06-20
329.0400085449219,2018-06-21
331.9700012207031,2018-06-22
327.1099853515625,2018-06-25
327.2300109863281,2018-06-26
336.6099853515625,2018-06-27
341.82000732421875,2018-06-28
344.989990234375,2018-06-29
351.1400146484375,2018-07-02
353.8599853515625,2018-07-03
360.95001220703125,2018-07-05
369.5899963378906,2018-07-06
371.30999755859375,2018-07-09
366.2699890136719,2018-07-10
365.2099914550781,2018-07-11
366.42999267578125,2018-07-12
367.6400146484375,2018-07-13
364.75,2018-07-16
365.42999267578125,2018-07-17
365.9800109863281,2018-07-18
367.739990234375,2018-07-19
367.1099853515625,2018-07-20
366.2099914550781,2018-07-23
372.7699890136719,2018-07-24
374.489990234375,2018-07-25
373.5899963378906,2018-07-26
367.6000061035156,2018-07-27
371.510009765625,2018-07-30
368.010009765625,2018-07-31
371.0299987792969,2018-08-01
397.0,2018-08-02
394.8800048828125,2018-08-03
390.04998779296875,2018-08-06
391.4200134277344,2018-08-07
374.2699890136719,2018-08-08
372.1400146484375,2018-08-09
368.7799987792969,2018-08-10
366.45001220703125,2018-08-13
366.2300109863281,2018-08-14
361.8699951171875,2018-08-15
371.7799987792969,2018-08-16
374.260009765625,2018-08-17
374.79998779296875,2018-08-20
378.55999755859375,2018-08-21
380.1700134277344,2018-08-22
379.19000244140625,2018-08-23
376.3299865722656,2018-08-24
388.44000244140625,2018-08-27
390.04998779296875,2018-08-28
406.6199951171875,2018-08-29
408.510009765625,2018-08-30
406.75,2018-08-31
403.92999267578125,2018-09-04
406.94000244140625,2018-09-05
397.92999267578125,2018-09-06
395.4200134277344,2018-09-07
395.0400085449219,2018-09-10
393.7699890136719,2018-09-11
388.8800048828125,2018-09-12
397.7099914550781,2018-09-13
392.1700134277344,2018-09-14
386.489990234375,2018-09-17
388.3299865722656,2018-09-18
383.70001220703125,2018-09-19
387.25,2018-09-20
390.2799987792969,2018-09-21
390.19000244140625,2018-09-24
390.04998779296875,2018-09-25
391.5299987792969,2018-09-26
406.0,2018-09-27
404.0400085449219,2018-09-28
394.2300109863281,2018-10-01
400.57000732421875,2018-10-02
403.0400085449219,2018-10-03
392.04998779296875,2018-10-04
391.7699890136719,2018-10-05
394.1499938964844,2018-10-08
392.5299987792969,2018-10-09
381.94000244140625,2018-10-10
371.6700134277344,2018-10-11
384.1600036621094,2018-10-12
377.54998779296875,2018-10-15
398.5199890136719,2018-10-16
399.05999755859375,2018-10-17
395.2200012207031,2018-10-18
389.8299865722656,2018-10-19
387.79998779296875,2018-10-22
380.69000244140625,2018-10-23
351.3900146484375,2018-10-24
336.94000244140625,2018-10-25
335.82000732421875,2018-10-26
336.17999267578125,2018-10-29
339.70001220703125,2018-10-30
339.239990234375,2018-10-31
355.1099853515625,2018-11-01
352.5899963378906,2018-11-02
354.92999267578125,2018-11-05
357.6099853515625,2018-11-06
364.25,2018-11-07
363.3399963378906,2018-11-08
356.6600036621094,2018-11-09
346.55999755859375,2018-11-12
342.1000061035156,2018-11-13
337.2900085449219,2018-11-14
341.6499938964844,2018-11-15
345.3299865722656,2018-11-16
338.989990234375,2018-11-19
337.2900085449219,2018-11-20
343.1700134277344,2018-11-21
340.8599853515625,2018-11-23
353.17999267578125,2018-11-26
353.5899963378906,2018-11-27
363.6400146484375,2018-11-28
359.57000732421875,2018-11-29
365.6499938964844,2018-11-30
382.6099853515625,2018-12-03
372.79998779296875,2018-12-04
381.69000244140625,2018-12-06
372.8299865722656,2018-12-07
377.5899963378906,2018-12-10
375.7200012207031,2018-12-11
377.9599914550781,2018-12-12
378.510009765625,2018-12-13
381.1700134277344,2018-12-14
375.5,2018-12-17
369.0,2018-12-18
360.70001220703125,2018-12-19
356.2300109863281,2018-12-20
344.6000061035156,2018-12-21
340.6400146484375,2018-12-24
363.2900085449219,2018-12-26
364.7900085449219,2018-12-27
362.6199951171875,2018-12-28
373.5,2018-12-31
372.44000244140625,2019-01-02
372.0799865722656,2019-01-03
397.54998779296875,2019-01-04
396.6300048828125,2019-01-07
397.260009765625,2019-01-08
399.5799865722656,2019-01-09
408.05999755859375,2019-01-10
408.6300048828125,2019-01-11
400.7300109863281,2019-01-14
405.0199890136719,2019-01-15
404.5400085449219,2019-01-16
417.3800048828125,2019-01-17
418.8399963378906,2019-01-18
404.75,2019-01-22
401.2099914550781,2019-01-23
407.92999267578125,2019-01-24
418.2900085449219,2019-01-25
413.95001220703125,2019-01-28
417.1499938964844,2019-01-29
419.9100036621094,2019-01-30
429.2699890136719,2019-01-31
430.1499938964844,2019-02-01
425.3999938964844,2019-02-04
421.0400085449219,2019-02-05
406.55999755859375,2019-02-06
406.4599914550781,2019-02-07
406.8599853515625,2019-02-08
408.510009765625,2019-02-11
416.3399963378906,2019-02-12
412.0899963378906,2019-02-13
414.9700012207031,2019-02-14
423.9700012207031,2019-02-15
420.6000061035156,2019-02-19
422.510009765625,2019-02-20
418.6199951171875,2019-02-21
422.5199890136719,2019-02-22
420.3800048828125,2019-02-25
426.1499938964844,2019-02-26
433.3299865722656,2019-02-27
430.739990234375,2019-02-28
439.57000732421875,2019-03-01
433.8299865722656,2019-03-04
437.1300048828125,2019-03-05
423.69000244140625,2019-03-06
409.5799865722656,2019-03-07
402.6400146484375,2019-03-08
412.04998779296875,2019-03-11
417.6199951171875,2019-03-12
409.010009765625,2019-03-13
407.5,2019-03-14
414.4700012207031,2019-03-15
407.6000061035156,2019-03-18
406.989990234375,2019-03-19
405.5,2019-03-20
402.5899963378906,2019-03-21
391.79998779296875,2019-03-22
395.0,2019-03-25
405.6199951171875,2019-03-26
402.8699951171875,2019-03-27
404.8299865722656,2019-03-28
410.6199951171875,2019-03-29
410.04998779296875,2019-04-01
414.82000732421875,2019-04-02
407.0,2019-04-03
406.5299987792969,2019-04-04
408.94000244140625,2019-04-05
401.260009765625,2019-04-08
395.7300109863281,2019-04-09
408.2300109863281,2019-04-10
393.4800109863281,2019-04-11
382.94000244140625,2019-04-12
375.5,2019-04-15
367.69000244140625,2019-04-16
342.9700012207031,2019-04-17
333.3399963378906,2019-04-18
334.0299987792969,2019-04-22
344.1400146484375,2019-04-23
340.4599914550781,2019-04-24
349.989990234375,2019-04-25
343.6600036621094,2019-04-26
344.1499938964844,2019-04-29
343.1400146484375,2019-04-30
340.7900085449219,2019-05-01
335.4100036621094,2019-05-02
336.8900146484375,2019-05-03
344.2300109863281,2019-05-06
322.3999938964844,2019-05-07
329.0,2019-05-08
324.1700134277344,2019-05-09
312.8599853515625,2019-05-10
305.1499938964844,2019-05-13
304.6199951171875,2019-05-14
305.8500061035156,2019-05-15
308.0400085449219,2019-05-16
304.94000244140625,2019-05-17
302.57000732421875,2019-05-20
309.95001220703125,2019-05-21
320.0899963378906,2019-05-22
315.260009765625,2019-05-23
312.55999755859375,2019-05-24
307.92999267578125,2019-05-28
307.7799987792969,2019-05-29
307.9599914550781,2019-05-30
301.7200012207031,2019-05-31
303.95001220703125,2019-06-03
302.05999755859375,2019-06-04
300.0,2019-06-05
299.6000061035156,2019-06-06
306.7200012207031,2019-06-07
304.25,2019-06-10
306.8399963378906,2019-06-11
306.1600036621094,2019-06-12
307.4200134277344,2019-06-13
305.239990234375,2019-06-14
310.9800109863281,2019-06-17
306.6300048828125,2019-06-18
310.8299865722656,2019-06-19
320.4800109863281,2019-06-20
320.260009765625,2019-06-21
312.54998779296875,2019-06-24
312.8999938964844,2019-06-25
305.0799865722656,2019-06-26
310.6700134277344,2019-06-27
313.0,2019-06-28
316.55999755859375,2019-07-01
315.5299987792969,2019-07-02
318.3900146484375,2019-07-03
307.0,2019-07-05
302.8399963378906,2019-07-08
307.9700012207031,2019-07-09
301.42999267578125,2019-07-10
291.82000732421875,2019-07-11
292.55999755859375,2019-07-12
298.20001220703125,2019-07-15
298.3699951171875,2019-07-16
299.4200134277344,2019-07-17
303.0899963378906,2019-07-18
298.1099853515625,2019-07-19
296.5199890136719,2019-07-22
309.260009765625,2019-07-23
313.6300048828125,2019-07-24
303.4200134277344,2019-07-25
309.17999267578125,2019-07-26
306.0400085449219,2019-07-29
311.1300048828125,2019-07-30
304.760009765625,2019-07-31
309.42999267578125,2019-08-01
305.239990234375,2019-08-02
299.57000732421875,2019-08-05
300.260009765625,2019-08-06
302.2200012207031,2019-08-07
309.8699951171875,2019-08-08
304.8900146484375,2019-08-09
295.8699951171875,2019-08-12
304.8599853515625,2019-08-13
293.5299987792969,2019-08-14
293.1099853515625,2019-08-15
296.8500061035156,2019-08-16
298.3800048828125,2019-08-19
296.0299987792969,2019-08-20
297.7799987792969,2019-08-21
295.0199890136719,2019-08-22
286.8500061035156,2019-08-23
284.7300109863281,2019-08-26
281.4100036621094,2019-08-27
287.6400146484375,2019-08-28
290.57000732421875,2019-08-29
290.04998779296875,2019-08-30
285.1199951171875,2019-09-03
286.5,2019-09-04
289.3699951171875,2019-09-05
292.0,2019-09-06
279.0,2019-09-09
283.7200012207031,2019-09-10
283.3299865722656,2019-09-11
284.17999267578125,2019-09-12
281.6199951171875,2019-09-13
285.8900146484375,2019-09-16
288.1199951171875,2019-09-17
285.05999755859375,2019-09-18
286.1499938964844,2019-09-19
295.8699951171875,2019-09-20
294.70001220703125,2019-09-23
289.7099914550781,2019-09-24
286.6499938964844,2019-09-25
281.30999755859375,2019-09-26
273.4599914550781,2019-09-27
277.3999938964844,2019-09-30
276.4700012207031,2019-10-01
274.1300048828125,2019-10-02
280.7200012207031,2019-10-03
282.92999267578125,2019-10-04
283.80999755859375,2019-10-07
285.1000061035156,2019-10-08
290.8299865722656,2019-10-09
298.3599853515625,2019-10-10
300.7699890136719,2019-10-11
305.44000244140625,2019-10-14
303.82000732421875,2019-10-15
299.3999938964844,2019-10-16
301.57000732421875,2019-10-17
300.19000244140625,2019-10-18
297.989990234375,2019-10-21
301.30999755859375,2019-10-22
305.0199890136719,2019-10-23
305.7699890136719,2019-10-24
306.2099914550781,2019-10-25
308.55999755859375,2019-10-28
310.4599914550781,2019-10-29
311.0,2019-10-30
306.2799987792969,2019-10-31
310.4800109863281,2019-11-01
311.0400085449219,2019-11-04
332.6000061035156,2019-11-05
324.489990234375,2019-11-06
326.3900146484375,2019-11-07
341.7900085449219,2019-11-08
344.2799987792969,2019-11-11
348.4100036621094,2019-11-12
348.29998779296875,2019-11-13
338.3900146484375,2019-11-14
344.8699951171875,2019-11-15
340.19000244140625,2019-11-18
344.4599914550781,2019-11-19
344.239990234375,2019-11-20
350.7799987792969,2019-11-21
360.6600036621094,2019-11-22
366.82000732421875,2019-11-25
363.8299865722656,2019-11-26
371.5799865722656,2019-11-27
369.0,2019-11-29
366.0799865722656,2019-12-02
368.80999755859375,2019-12-03
369.9700012207031,2019-12-04
368.3399963378906,2019-12-05
372.260009765625,2019-12-06
365.6300048828125,2019-12-09
367.6700134277344,2019-12-10
373.5299987792969,2019-12-11
372.1600036621094,2019-12-12
376.4200134277344,2019-12-13
376.010009765625,2019-12-16
369.1000061035156,2019-12-17
371.3599853515625,2019-12-18
372.54998779296875,2019-12-19
375.6199951171875,2019-12-20
374.20001220703125,2019-12-23
376.510009765625,2019-12-24
374.8599853515625,2019-12-26
373.32000732421875,2019-12-27
373.70001220703125,2019-12-30
375.4800109863281,2019-12-31
373.3500061035156,2020-01-02
369.1600036621094,2020-01-03
371.739990234375,2020-01-06
373.1300048828125,2020-01-07
382.4200134277344,2020-01-08
383.4700012207031,2020-01-09
381.4100036621094,2020-01-10
378.92999267578125,2020-01-13
387.6199951171875,2020-01-14
390.75,2020-01-15
385.57000732421875,2020-01-16
385.94000244140625,2020-01-17
363.7099914550781,2020-01-21
359.1400146484375,2020-01-22
356.6000061035156,2020-01-23
345.2799987792969,2020-01-24
339.4200134277344,2020-01-27
344.0799865722656,2020-01-28
339.25,2020-01-29
336.17999267578125,2020-01-30
337.94000244140625,2020-01-31
341.1199951171875,2020-02-03
356.0,2020-02-04
372.1600036621094,2020-02-05
389.8500061035156,2020-02-06
381.8699951171875,2020-02-07
386.2099914550781,2020-02-10
396.75,2020-02-11
406.29998779296875,2020-02-12
398.80999755859375,2020-02-13
399.54998779296875,2020-02-14
397.6499938964844,2020-02-18
400.80999755859375,2020-02-19
399.1400146484375,2020-02-20
403.1499938964844,2020-02-21
425.3800048828125,2020-02-24
442.3500061035156,2020-02-25
457.9200134277344,2020-02-26
431.6099853515625,2020-02-27
444.57000732421875,2020-02-28
464.75,2020-03-02
461.54998779296875,2020-03-03
493.4800109863281,2020-03-04
488.1700134277344,2020-03-05
494.42999267578125,2020-03-06
474.44000244140625,2020-03-09
475.0199890136719,2020-03-10
464.70001220703125,2020-03-11
431.8900146484375,2020-03-12
465.54998779296875,2020-03-13
440.8299865722656,2020-03-16
491.69000244140625,2020-03-17
485.0,2020-03-18
489.8299865722656,2020-03-19
438.45001220703125,2020-03-20
455.6300048828125,2020-03-23
449.5299987792969,2020-03-24
429.7799987792969,2020-03-25
452.29998779296875,2020-03-26
449.5199890136719,2020-03-27
473.0,2020-03-30
488.2900085449219,2020-03-31
496.6499938964844,2020-04-01
498.75,2020-04-02
493.32000732421875,2020-04-03
